"Epoch","theta1","theta2","Loss"
1,-0.0441212467849255,0.480937158223242,6995.68576448285
2,-0.0289789430747608,0.11665029533604,6933.66525574006
3,-0.0264749589571162,0.0435508150084839,6931.16220969431
4,-0.0260890227357708,0.0289782538312084,6931.06276637192
5,-0.0260351612250617,0.026074325960666,6931.05881890163
6,-0.0260290801982683,0.0254956444039921,6931.05866218462
7,-0.0260287797754757,0.0253997122436379,6931.05865642663
