"Epoch","theta1","theta2","Loss"
1,-0.143394640181214,-0.273325175978243,6976.91531039284
2,-0.104019781378518,0.0592720844028424,6924.50210650451
3,-0.0972341101723581,0.126094031718784,6922.39380007448
4,-0.0961112496638018,0.139538625024956,6922.30876872781
5,-0.0959335625326042,0.142247122079687,6922.30532757043
6,-0.0959073263172126,0.14279304661141,6922.3051880641
7,-0.0959039217449833,0.142903119133129,6922.30518240104
8,-0.0959036058924703,0.142925318871566,6922.30518217089
9,-0.0959036020956974,0.14292710848802,6922.30518216565
